filename,Classes,Labels
1025794.jpg,707-320,0
1340192.jpg,707-320,0
0056978.jpg,707-320,0
0698580.jpg,707-320,0
0450014.jpg,707-320,0
1042824.jpg,707-320,0
0894380.jpg,707-320,0
1427680.jpg,707-320,0
0817494.jpg,707-320,0
0716386.jpg,707-320,0
0951982.jpg,707-320,0
0731614.jpg,707-320,0
0582363.jpg,707-320,0
1082409.jpg,707-320,0
2031775.jpg,707-320,0
0950991.jpg,707-320,0
0869722.jpg,707-320,0
0979376.jpg,707-320,0
1002439.jpg,707-320,0
0864665.jpg,707-320,0
1207591.jpg,707-320,0
0582372.jpg,707-320,0
0729223.jpg,707-320,0
1319365.jpg,707-320,0
0548719.jpg,707-320,0
0577855.jpg,707-320,0
1423583.jpg,707-320,0
1187431.jpg,707-320,0
0610657.jpg,707-320,0
0869742.jpg,707-320,0
0687610.jpg,707-320,0
1042021.jpg,707-320,0
0482761.jpg,707-320,0
0064933.jpg,707-320,0
1019011.jpg,727-200,1
0732456.jpg,727-200,1
0218039.jpg,727-200,1
2223757.jpg,727-200,1
0983618.jpg,727-200,1
1327285.jpg,727-200,1
0065840.jpg,727-200,1
0980196.jpg,727-200,1
0995286.jpg,727-200,1
1514487.jpg,727-200,1
0213505.jpg,727-200,1
1459191.jpg,727-200,1
1063986.jpg,727-200,1
0056337.jpg,727-200,1
0409532.jpg,727-200,1
0771164.jpg,727-200,1
0632010.jpg,727-200,1
0901504.jpg,727-200,1
0063052.jpg,727-200,1
0143080.jpg,727-200,1
1089989.jpg,727-200,1
0907359.jpg,727-200,1
0875281.jpg,727-200,1
1197395.jpg,727-200,1
1149060.jpg,727-200,1
1059846.jpg,727-200,1
0786258.jpg,727-200,1
1512865.jpg,727-200,1
0523223.jpg,727-200,1
1115308.jpg,727-200,1
1739565.jpg,727-200,1
0994986.jpg,727-200,1
0193983.jpg,727-200,1
0822348.jpg,737-200,2
1152739.jpg,737-200,2
0907429.jpg,737-200,2
0209554.jpg,737-200,2
1187709.jpg,737-200,2
0847273.jpg,737-200,2
0923506.jpg,737-200,2
0059101.jpg,737-200,2
1548405.jpg,737-200,2
0438655.jpg,737-200,2
0921022.jpg,737-200,2
1094669.jpg,737-200,2
0198443.jpg,737-200,2
0851647.jpg,737-200,2
0247942.jpg,737-200,2
0564495.jpg,737-200,2
0826475.jpg,737-200,2
0065422.jpg,737-200,2
1189268.jpg,737-200,2
0054367.jpg,737-200,2
1918572.jpg,737-200,2
0337947.jpg,737-200,2
1143132.jpg,737-200,2
0789826.jpg,737-200,2
1942698.jpg,737-200,2
0458661.jpg,737-200,2
0447807.jpg,737-200,2
0074464.jpg,737-200,2
1296896.jpg,737-200,2
0056331.jpg,737-200,2
0592977.jpg,737-200,2
0610653.jpg,737-200,2
0523229.jpg,737-200,2
1899111.jpg,737-300,3
0069776.jpg,737-300,3
0569402.jpg,737-300,3
1538841.jpg,737-300,3
0830001.jpg,737-300,3
1323729.jpg,737-300,3
0799595.jpg,737-300,3
1110775.jpg,737-300,3
1393334.jpg,737-300,3
0728390.jpg,737-300,3
0907408.jpg,737-300,3
1396876.jpg,737-300,3
0492497.jpg,737-300,3
0097935.jpg,737-300,3
1691783.jpg,737-300,3
0278443.jpg,737-300,3
0090868.jpg,737-300,3
1927313.jpg,737-300,3
0178292.jpg,737-300,3
0114409.jpg,737-300,3
0986161.jpg,737-300,3
1295999.jpg,737-300,3
1879894.jpg,737-300,3
1564774.jpg,737-300,3
0097577.jpg,737-300,3
0074247.jpg,737-300,3
2115318.jpg,737-300,3
0687267.jpg,737-300,3
0748299.jpg,737-300,3
1251289.jpg,737-300,3
1560581.jpg,737-300,3
0848057.jpg,737-300,3
0066279.jpg,737-300,3
2080684.jpg,737-300,3
1102458.jpg,737-400,4
1906287.jpg,737-400,4
0438658.jpg,737-400,4
1368847.jpg,737-400,4
1871885.jpg,737-400,4
2236962.jpg,737-400,4
1846193.jpg,737-400,4
1702255.jpg,737-400,4
0420818.jpg,737-400,4
2186493.jpg,737-400,4
0127627.jpg,737-400,4
0699596.jpg,737-400,4
2117477.jpg,737-400,4
2031382.jpg,737-400,4
1532634.jpg,737-400,4
2244446.jpg,737-400,4
0242845.jpg,737-400,4
2026894.jpg,737-400,4
1059090.jpg,737-400,4
1398863.jpg,737-400,4
0302648.jpg,737-400,4
0987619.jpg,737-400,4
0988944.jpg,737-400,4
0853774.jpg,737-400,4
1758545.jpg,737-400,4
0122393.jpg,737-400,4
2066262.jpg,737-400,4
0829999.jpg,737-400,4
0939568.jpg,737-400,4
0328123.jpg,737-400,4
1933719.jpg,737-400,4
0740907.jpg,737-400,4
0933127.jpg,737-400,4
1758606.jpg,737-500,5
1264479.jpg,737-500,5
1093636.jpg,737-500,5
0457865.jpg,737-500,5
0723229.jpg,737-500,5
0706205.jpg,737-500,5
2103080.jpg,737-500,5
1459173.jpg,737-500,5
0657761.jpg,737-500,5
1818731.jpg,737-500,5
1627446.jpg,737-500,5
0807405.jpg,737-500,5
0074245.jpg,737-500,5
0097119.jpg,737-500,5
1543563.jpg,737-500,5
1147739.jpg,737-500,5
1337392.jpg,737-500,5
0225225.jpg,737-500,5
1053446.jpg,737-500,5
0130599.jpg,737-500,5
1687908.jpg,737-500,5
0604668.jpg,737-500,5
0114439.jpg,737-500,5
1543529.jpg,737-500,5
1258418.jpg,737-500,5
0618967.jpg,737-500,5
0977330.jpg,737-500,5
1384649.jpg,737-500,5
0912693.jpg,737-500,5
1362802.jpg,737-500,5
0942001.jpg,737-500,5
0143341.jpg,737-500,5
0894220.jpg,737-500,5
0944253.jpg,737-600,6
0817558.jpg,737-600,6
0928043.jpg,737-600,6
1650651.jpg,737-600,6
1823113.jpg,737-600,6
1401747.jpg,737-600,6
1726606.jpg,737-600,6
1615563.jpg,737-600,6
0731199.jpg,737-600,6
0784350.jpg,737-600,6
1283644.jpg,737-600,6
0467430.jpg,737-600,6
0745448.jpg,737-600,6
0702868.jpg,737-600,6
0842381.jpg,737-600,6
2188618.jpg,737-600,6
1973457.jpg,737-600,6
1861153.jpg,737-600,6
2091304.jpg,737-600,6
0961750.jpg,737-600,6
0904850.jpg,737-600,6
0361351.jpg,737-600,6
1117081.jpg,737-600,6
2080548.jpg,737-600,6
0905907.jpg,737-600,6
1885885.jpg,737-600,6
1259152.jpg,737-600,6
0442918.jpg,737-600,6
2101958.jpg,737-600,6
1730978.jpg,737-600,6
1773981.jpg,737-600,6
1718899.jpg,737-600,6
0721593.jpg,737-600,6
1759296.jpg,737-600,6
1060500.jpg,737-700,7
2219111.jpg,737-700,7
1222170.jpg,737-700,7
0400397.jpg,737-700,7
0694487.jpg,737-700,7
1503761.jpg,737-700,7
1774585.jpg,737-700,7
0357855.jpg,737-700,7
0956171.jpg,737-700,7
1611252.jpg,737-700,7
1084518.jpg,737-700,7
0984409.jpg,737-700,7
0701140.jpg,737-700,7
1498556.jpg,737-700,7
2188154.jpg,737-700,7
0183579.jpg,737-700,7
0067671.jpg,737-700,7
0067036.jpg,737-700,7
2211307.jpg,737-700,7
1121142.jpg,737-700,7
1368334.jpg,737-700,7
2184061.jpg,737-700,7
0337266.jpg,737-700,7
1846150.jpg,737-700,7
0382052.jpg,737-700,7
1763666.jpg,737-700,7
2030599.jpg,737-700,7
0798632.jpg,737-700,7
1244288.jpg,737-700,7
0497534.jpg,737-700,7
1446341.jpg,737-700,7
2236966.jpg,737-700,7
0957983.jpg,737-700,7
0257025.jpg,737-800,8
0788947.jpg,737-800,8
1852201.jpg,737-800,8
0713745.jpg,737-800,8
0422707.jpg,737-800,8
0443893.jpg,737-800,8
0706175.jpg,737-800,8
0988468.jpg,737-800,8
2099419.jpg,737-800,8
0781150.jpg,737-800,8
1913792.jpg,737-800,8
1043795.jpg,737-800,8
0977350.jpg,737-800,8
1561334.jpg,737-800,8
1390305.jpg,737-800,8
1692197.jpg,737-800,8
1237622.jpg,737-800,8
1385341.jpg,737-800,8
2122829.jpg,737-800,8
1470793.jpg,737-800,8
1136124.jpg,737-800,8
0081597.jpg,737-800,8
1712591.jpg,737-800,8
1885830.jpg,737-800,8
1320110.jpg,737-800,8
2137130.jpg,737-800,8
1806234.jpg,737-800,8
0900469.jpg,737-800,8
2002333.jpg,737-800,8
2239287.jpg,737-800,8
0710454.jpg,737-800,8
0694546.jpg,737-800,8
1375368.jpg,737-800,8
1818747.jpg,737-900,9
1016538.jpg,737-900,9
2071807.jpg,737-900,9
2047628.jpg,737-900,9
1910716.jpg,737-900,9
0722225.jpg,737-900,9
0292868.jpg,737-900,9
1874495.jpg,737-900,9
1313348.jpg,737-900,9
1476615.jpg,737-900,9
1052314.jpg,737-900,9
1921783.jpg,737-900,9
1353293.jpg,737-900,9
1001620.jpg,737-900,9
1639843.jpg,737-900,9
1361120.jpg,737-900,9
0641165.jpg,737-900,9
0200422.jpg,737-900,9
1189521.jpg,737-900,9
0383399.jpg,737-900,9
1774010.jpg,737-900,9
0840357.jpg,737-900,9
1471544.jpg,737-900,9
1246918.jpg,737-900,9
1948449.jpg,737-900,9
0443884.jpg,737-900,9
0723572.jpg,737-900,9
1582314.jpg,737-900,9
0522872.jpg,737-900,9
0476825.jpg,737-900,9
1133077.jpg,737-900,9
0223783.jpg,737-900,9
1842042.jpg,737-900,9
1326767.jpg,737-900,9
0804670.jpg,747-100,10
1008872.jpg,747-100,10
0139685.jpg,747-100,10
0869644.jpg,747-100,10
1068733.jpg,747-100,10
0092334.jpg,747-100,10
0677583.jpg,747-100,10
1009031.jpg,747-100,10
0688093.jpg,747-100,10
1831093.jpg,747-100,10
1707740.jpg,747-100,10
1013082.jpg,747-100,10
0606502.jpg,747-100,10
0730970.jpg,747-100,10
0962875.jpg,747-100,10
2161794.jpg,747-100,10
1251094.jpg,747-100,10
1707955.jpg,747-100,10
1985184.jpg,747-100,10
1145144.jpg,747-100,10
0843964.jpg,747-100,10
1842078.jpg,747-100,10
0147038.jpg,747-100,10
0535113.jpg,747-100,10
0809727.jpg,747-100,10
1283510.jpg,747-100,10
1099245.jpg,747-100,10
1062969.jpg,747-100,10
0852827.jpg,747-100,10
1028187.jpg,747-100,10
1281453.jpg,747-100,10
0993061.jpg,747-100,10
0926105.jpg,747-100,10
0448006.jpg,747-200,11
0765599.jpg,747-200,11
0487370.jpg,747-200,11
1486682.jpg,747-200,11
0928792.jpg,747-200,11
0894316.jpg,747-200,11
0744732.jpg,747-200,11
0783526.jpg,747-200,11
0821422.jpg,747-200,11
0829998.jpg,747-200,11
0151661.jpg,747-200,11
1340228.jpg,747-200,11
1037501.jpg,747-200,11
0885966.jpg,747-200,11
0447749.jpg,747-200,11
0448050.jpg,747-200,11
1245215.jpg,747-200,11
1200648.jpg,747-200,11
0257378.jpg,747-200,11
0179070.jpg,747-200,11
0065979.jpg,747-200,11
1245887.jpg,747-200,11
0476345.jpg,747-200,11
0786259.jpg,747-200,11
0487356.jpg,747-200,11
0365342.jpg,747-200,11
0198433.jpg,747-200,11
0182189.jpg,747-200,11
0684605.jpg,747-200,11
1059813.jpg,747-200,11
1230223.jpg,747-200,11
0482818.jpg,747-200,11
0368505.jpg,747-200,11
0522830.jpg,747-300,12
1099216.jpg,747-300,12
0963590.jpg,747-300,12
1365495.jpg,747-300,12
1879895.jpg,747-300,12
0098489.jpg,747-300,12
1097975.jpg,747-300,12
0454746.jpg,747-300,12
2147232.jpg,747-300,12
1259556.jpg,747-300,12
0487374.jpg,747-300,12
2221713.jpg,747-300,12
1202048.jpg,747-300,12
1325476.jpg,747-300,12
0090864.jpg,747-300,12
0894208.jpg,747-300,12
0367768.jpg,747-300,12
0766954.jpg,747-300,12
0876439.jpg,747-300,12
0983542.jpg,747-300,12
1356102.jpg,747-300,12
1284239.jpg,747-300,12
0336925.jpg,747-300,12
0939497.jpg,747-300,12
0785021.jpg,747-300,12
0065292.jpg,747-300,12
1389219.jpg,747-300,12
0859029.jpg,747-300,12
1387195.jpg,747-300,12
1398832.jpg,747-300,12
1226606.jpg,747-300,12
1828267.jpg,747-300,12
0744234.jpg,747-300,12
0950401.jpg,747-300,12
1566619.jpg,747-400,13
2244841.jpg,747-400,13
1256464.jpg,747-400,13
0425365.jpg,747-400,13
0492477.jpg,747-400,13
2221710.jpg,747-400,13
0056299.jpg,747-400,13
1600251.jpg,747-400,13
1098953.jpg,747-400,13
0983934.jpg,747-400,13
2222716.jpg,747-400,13
1358854.jpg,747-400,13
1143409.jpg,747-400,13
1700644.jpg,747-400,13
1018463.jpg,747-400,13
2047538.jpg,747-400,13
0442373.jpg,747-400,13
1146172.jpg,747-400,13
1514578.jpg,747-400,13
1469691.jpg,747-400,13
1997878.jpg,747-400,13
0766314.jpg,747-400,13
0650456.jpg,747-400,13
0367973.jpg,747-400,13
2079513.jpg,747-400,13
1088007.jpg,747-400,13
1376174.jpg,747-400,13
2091929.jpg,747-400,13
1309306.jpg,747-400,13
1928510.jpg,747-400,13
2197330.jpg,747-400,13
1541386.jpg,747-400,13
1539525.jpg,747-400,13
2224813.jpg,757-200,14
2147921.jpg,757-200,14
0273150.jpg,757-200,14
1560579.jpg,757-200,14
1566616.jpg,757-200,14
0275117.jpg,757-200,14
0685368.jpg,757-200,14
0523013.jpg,757-200,14
0814906.jpg,757-200,14
2067977.jpg,757-200,14
1031497.jpg,757-200,14
1713246.jpg,757-200,14
1945514.jpg,757-200,14
0802262.jpg,757-200,14
2170854.jpg,757-200,14
0923571.jpg,757-200,14
0838565.jpg,757-200,14
0701760.jpg,757-200,14
0765781.jpg,757-200,14
0225217.jpg,757-200,14
0255363.jpg,757-200,14
0056297.jpg,757-200,14
1107747.jpg,757-200,14
0902418.jpg,757-200,14
1356930.jpg,757-200,14
1155017.jpg,757-200,14
2013757.jpg,757-200,14
0694466.jpg,757-200,14
1527502.jpg,757-200,14
0184351.jpg,757-200,14
0218812.jpg,757-200,14
0458643.jpg,757-200,14
0863830.jpg,757-200,14
0715299.jpg,757-300,15
0496749.jpg,757-300,15
0478342.jpg,757-300,15
1767104.jpg,757-300,15
1534214.jpg,757-300,15
1650624.jpg,757-300,15
1146631.jpg,757-300,15
1910711.jpg,757-300,15
0138993.jpg,757-300,15
0447753.jpg,757-300,15
1647406.jpg,757-300,15
1004797.jpg,757-300,15
0328231.jpg,757-300,15
1256349.jpg,757-300,15
1810927.jpg,757-300,15
1944650.jpg,757-300,15
1297523.jpg,757-300,15
1316606.jpg,757-300,15
0977347.jpg,757-300,15
0313720.jpg,757-300,15
0482793.jpg,757-300,15
0442375.jpg,757-300,15
0469140.jpg,757-300,15
1150188.jpg,757-300,15
0662343.jpg,757-300,15
0428735.jpg,757-300,15
1771968.jpg,757-300,15
1564943.jpg,757-300,15
1156768.jpg,757-300,15
1486383.jpg,757-300,15
1298912.jpg,757-300,15
1629329.jpg,757-300,15
0361100.jpg,757-300,15
0507837.jpg,757-300,15
1605155.jpg,767-200,16
1902309.jpg,767-200,16
1703213.jpg,767-200,16
1714716.jpg,767-200,16
0756688.jpg,767-200,16
0866844.jpg,767-200,16
2248958.jpg,767-200,16
0184346.jpg,767-200,16
2200399.jpg,767-200,16
0197363.jpg,767-200,16
1342822.jpg,767-200,16
2004902.jpg,767-200,16
2171010.jpg,767-200,16
1383295.jpg,767-200,16
1390310.jpg,767-200,16
0188143.jpg,767-200,16
0494862.jpg,767-200,16
0738257.jpg,767-200,16
1307327.jpg,767-200,16
0179066.jpg,767-200,16
1862132.jpg,767-200,16
2227599.jpg,767-200,16
1182368.jpg,767-200,16
0958129.jpg,767-200,16
2197329.jpg,767-200,16
1631498.jpg,767-200,16
2213535.jpg,767-200,16
2183378.jpg,767-200,16
2132127.jpg,767-200,16
0117996.jpg,767-200,16
1413233.jpg,767-200,16
1031454.jpg,767-200,16
1382524.jpg,767-200,16
1380490.jpg,767-300,17
0704276.jpg,767-300,17
0478909.jpg,767-300,17
0171401.jpg,767-300,17
2239584.jpg,767-300,17
0679350.jpg,767-300,17
1420545.jpg,767-300,17
2029863.jpg,767-300,17
0967855.jpg,767-300,17
1327286.jpg,767-300,17
0788471.jpg,767-300,17
2217849.jpg,767-300,17
0487364.jpg,767-300,17
0573943.jpg,767-300,17
1553071.jpg,767-300,17
0716370.jpg,767-300,17
1601329.jpg,767-300,17
0061139.jpg,767-300,17
0362089.jpg,767-300,17
1143413.jpg,767-300,17
0907431.jpg,767-300,17
1778114.jpg,767-300,17
2010056.jpg,767-300,17
1018873.jpg,767-300,17
0067034.jpg,767-300,17
0498141.jpg,767-300,17
0481979.jpg,767-300,17
1933933.jpg,767-300,17
1682647.jpg,767-300,17
0233755.jpg,767-300,17
1901133.jpg,767-300,17
0068813.jpg,767-300,17
1910860.jpg,767-300,17
0182729.jpg,767-400,18
1708101.jpg,767-400,18
1294490.jpg,767-400,18
0127058.jpg,767-400,18
0552041.jpg,767-400,18
1165767.jpg,767-400,18
1810723.jpg,767-400,18
2026597.jpg,767-400,18
2205728.jpg,767-400,18
1368863.jpg,767-400,18
0837880.jpg,767-400,18
1741519.jpg,767-400,18
1336856.jpg,767-400,18
1182360.jpg,767-400,18
1031445.jpg,767-400,18
2004856.jpg,767-400,18
1980188.jpg,767-400,18
0835837.jpg,767-400,18
1476102.jpg,767-400,18
2215846.jpg,767-400,18
1006793.jpg,767-400,18
0931734.jpg,767-400,18
0768173.jpg,767-400,18
0476351.jpg,767-400,18
0151672.jpg,767-400,18
2083668.jpg,767-400,18
1582400.jpg,767-400,18
1607459.jpg,767-400,18
1740623.jpg,767-400,18
1913767.jpg,767-400,18
1976400.jpg,767-400,18
0338174.jpg,767-400,18
1546804.jpg,767-400,18
1027002.jpg,767-400,18
0487358.jpg,777-200,19
1870569.jpg,777-200,19
2075625.jpg,777-200,19
0469128.jpg,777-200,19
1456005.jpg,777-200,19
2176725.jpg,777-200,19
1228882.jpg,777-200,19
2103110.jpg,777-200,19
1095676.jpg,777-200,19
0752124.jpg,777-200,19
2234650.jpg,777-200,19
0732201.jpg,777-200,19
1847312.jpg,777-200,19
1795133.jpg,777-200,19
0939579.jpg,777-200,19
1206451.jpg,777-200,19
1820319.jpg,777-200,19
2110536.jpg,777-200,19
0658068.jpg,777-200,19
2172265.jpg,777-200,19
1758487.jpg,777-200,19
1401062.jpg,777-200,19
1146233.jpg,777-200,19
1696058.jpg,777-200,19
1514936.jpg,777-200,19
0467445.jpg,777-200,19
1877324.jpg,777-200,19
0507685.jpg,777-200,19
1379983.jpg,777-200,19
1234647.jpg,777-200,19
0240319.jpg,777-200,19
0704510.jpg,777-200,19
2200425.jpg,777-200,19